transaction_id,date,amount,merchant,account_id
T001,2024-01-15 08:00:00,3000.00,Payroll_Processor,ACC_EMP_01
T002,2024-01-15 08:00:02,3000.00,Payroll_Processor,ACC_EMP_02
T003,2024-01-15 08:00:05,3000.00,Payroll_Processor,ACC_EMP_03
T004,2024-01-15 08:00:10,3000.00,Payroll_Processor,ACC_EMP_04
T005,2024-01-15 08:00:15,3000.00,Payroll_Processor,ACC_EMP_05
T006,2024-01-15 08:01:00,0.05,Payroll_Processor,ACC_HACKER_99
T007,2024-01-15 08:01:02,0.05,Payroll_Processor,ACC_HACKER_99
T008,2024-01-15 08:01:05,0.05,Payroll_Processor,ACC_HACKER_99
T009,2024-01-15 08:01:10,0.05,Payroll_Processor,ACC_HACKER_99
T010,2024-01-15 08:01:15,0.05,Payroll_Processor,ACC_HACKER_99